{"cameraMode":{"drawMode":0,"name":"Shaded","section":"Shading Mode"},"sceneLighting":true,"audioPlay":false,"sceneViewState":{"m_AlwaysRefresh":false,"showFog":true,"showSkybox":true,"showFlares":true,"showImageEffects":true,"showParticleSystems":true,"showVisualEffectGraphs":true,"m_FxEnabled":true},"in2DMode":false,"pivot":{"x":-0.6054494976997376,"y":-1.34514582157135,"z":43.85236358642578},"rotation":{"x":-0.11703283339738846,"y":0.01580098830163479,"z":-0.0018698237836360932,"w":-0.9930579662322998},"size":24.804410934448243,"orthographic":false}